mutation	ref_counts	alt_counts	normal_cn	minor_cn	major_cn	variant_case	variant_freq	genotype	sample	tumour_content
NA12156:BB:chr1:70820008	1083	1996	2	0	2	NA12156	0.6482624228645664	BB	SRR385941	1.0
NA12878:BB:chr20:62196182	3943	149	2	0	2	NA12878	0.036412512218963834	BB	SRR385941	1.0
NA12156:BB:chr5:132198199	576	1147	2	0	2	NA12156	0.6656993615786421	BB	SRR385941	1.0
NA19240:BB:chr1:152283811	3981	1204	2	0	2	NA19240	0.2322082931533269	BB	SRR385941	1.0
NA12878:AB:chr7:55268949	3069	62	2	1	1	NA12878	0.0198019801980198	AB	SRR385941	1.0
NA12878:BB:chr3:49362369	2594	52	2	0	2	NA12878	0.019652305366591082	BB	SRR385941	1.0
NA18507:AB:chr13:32912733	2442	91	2	1	1	NA18507	0.0359257797078563	AB	SRR385941	1.0
NA19240:BB:chr17:5264916	3538	881	2	0	2	NA19240	0.19936637248246208	BB	SRR385941	1.0
NA18507:BB:chr11:62009791	2651	167	2	0	2	NA18507	0.05926188786373315	BB	SRR385941	1.0
NA12156:BB:chr11:18291321	1323	2703	2	0	2	NA12156	0.6713859910581222	BB	SRR385941	1.0
NA12156:BB:chr19:731176	1209	3061	2	0	2	NA12156	0.7168618266978922	BB	SRR385941	1.0
NA18507:BB:chr6:26385263	2262	221	2	0	2	NA18507	0.08900523560209424	BB	SRR385941	1.0
NA12156:BB:chr1:46500613	1038	2145	2	0	2	NA12156	0.6738925541941565	BB	SRR385941	1.0
NA19240:BB:chr2:26502941	2572	885	2	0	2	NA19240	0.25600231414521263	BB	SRR385941	1.0
NA19240:BB:chr2:26502880	2579	876	2	0	2	NA19240	0.2535455861070912	BB	SRR385941	1.0
NA12156:BB:chr11:5364450	653	1685	2	0	2	NA12156	0.7207014542343884	BB	SRR385941	1.0
NA12156:BB:chr11:118178007	897	2081	2	0	2	NA12156	0.6987911349899262	BB	SRR385941	1.0
NA19240:BB:chr11:59860922	2676	678	2	0	2	NA19240	0.20214669051878356	BB	SRR385941	1.0
NA12156:AB:chr2:26699003	2301	1120	2	1	1	NA12156	0.3273896521484946	AB	SRR385941	1.0
NA18507:BB:chr10:91143374	4267	428	2	0	2	NA18507	0.091160809371672	BB	SRR385941	1.0
NA12156:BB:chr2:21263900	951	1742	2	0	2	NA12156	0.6468622354251764	BB	SRR385941	1.0
NA19240:BB:chr8:87641271	2878	754	2	0	2	NA19240	0.20759911894273128	BB	SRR385941	1.0
NA12156:BB:chr3:8775589	785	2007	2	0	2	NA12156	0.7188395415472779	BB	SRR385941	1.0
NA19240:BB:chr2:165754983	2154	677	2	0	2	NA19240	0.2391381137407277	BB	SRR385941	1.0
NA18507:BB:chr2:113737630	2652	143	2	0	2	NA18507	0.05116279069767442	BB	SRR385941	1.0
NA12156:BB:chr19:39908574	1255	2168	2	0	2	NA12156	0.6333625474729769	BB	SRR385941	1.0
NA18507:BB:chr17:1703982	1915	181	2	0	2	NA18507	0.08635496183206108	BB	SRR385941	1.0
NA19240:BB:chr2:202264165	1963	566	2	0	2	NA19240	0.22380387504942664	BB	SRR385941	1.0
NA12156:BB:chr19:9968139	650	1202	2	0	2	NA12156	0.6490280777537797	BB	SRR385941	1.0
NA19240:AB:chr11:18291395	3583	456	2	1	1	NA19240	0.11289923248328795	AB	SRR385941	1.0
NA12878:BB:chr11:6898495	4459	125	2	0	2	NA12878	0.027268760907504363	BB	SRR385941	1.0
NA19240:BB:chr5:147805120	3767	1302	2	0	2	NA19240	0.2568553955415269	BB	SRR385941	1.0
NA12878:BB:chr2:120005569	1170	22	2	0	2	NA12878	0.018456375838926176	BB	SRR385941	1.0
NA19240:BB:chr11:26700310	4153	1068	2	0	2	NA19240	0.2045585136946945	BB	SRR385941	1.0
NA12156:BB:chr11:5529152	969	2001	2	0	2	NA12156	0.6737373737373737	BB	SRR385941	1.0
NA18507:BB:chr1:42865292	1939	200	2	0	2	NA18507	0.09350163627863488	BB	SRR385941	1.0
NA12878:BB:chr19:35836530	3048	64	2	0	2	NA12878	0.02056555269922879	BB	SRR385941	1.0
NA12878:BB:chr3:49455330	3114	49	2	0	2	NA12878	0.015491621877963959	BB	SRR385941	1.0
NA19240:BB:chr6:168352219	3145	716	2	0	2	NA19240	0.18544418544418545	BB	SRR385941	1.0
NA12156:AB:chr19:55494651	2448	1142	2	1	1	NA12156	0.3181058495821727	AB	SRR385941	1.0
NA12156:BB:chr4:88732918	955	2298	2	0	2	NA12156	0.7064248386105134	BB	SRR385941	1.0
NA12156:BB:chr8:144620584	1143	2370	2	0	2	NA12156	0.6746370623398804	BB	SRR385941	1.0
NA19240:BB:chr12:46321702	2413	741	2	0	2	NA19240	0.23493975903614456	BB	SRR385941	1.0
NA18507:BB:chr19:55098736	5400	140	2	0	2	NA18507	0.02527075812274368	BB	SRR385941	1.0
NA19240:BB:chr18:50278635	3263	772	2	0	2	NA19240	0.19132589838909544	BB	SRR385941	1.0
NA18507:BB:chr22:32587251	1973	178	2	0	2	NA18507	0.08275220827522083	BB	SRR385941	1.0
NA12156:BB:chr2:175263063	859	1695	2	0	2	NA12156	0.6636648394675021	BB	SRR385941	1.0
NA12878:BB:chr5:102894673	2517	45	2	0	2	NA12878	0.01756440281030445	BB	SRR385941	1.0
NA18507:AB:chr4:88732911	3062	140	2	1	1	NA18507	0.04372267332916927	AB	SRR385941	1.0
NA18507:BB:chr3:45754685	1745	118	2	0	2	NA18507	0.06333870101986044	BB	SRR385941	1.0
NA18507:BB:chr2:33487845	3994	240	2	0	2	NA18507	0.05668398677373643	BB	SRR385941	1.0
NA12878:BB:chr10:17875816	1750	829	2	0	2	NA12878	0.32144241954245834	BB	SRR385941	1.0
NA12878:BB:chr14:102901201	4856	78	2	0	2	NA12878	0.01580867450344548	BB	SRR385941	1.0
NA19240:AB:chr3:178927410	1711	173	2	1	1	NA19240	0.09182590233545647	AB	SRR385941	1.0
NA12156:BB:chr12:132631855	1005	2005	2	0	2	NA12156	0.6661129568106312	BB	SRR385941	1.0
NA18507:BB:chr22:24622124	3872	371	2	0	2	NA18507	0.08743813339618195	BB	SRR385941	1.0
NA12878:BB:chr3:129155670	2803	34	2	0	2	NA12878	0.011984490659146986	BB	SRR385941	1.0
NA12878:BB:chr1:200376695	1783	52	2	0	2	NA12878	0.028337874659400544	BB	SRR385941	1.0
NA18507:BB:chr5:180166362	2520	267	2	0	2	NA18507	0.09580193756727663	BB	SRR385941	1.0
NA12156:BB:chr7:796430	691	1500	2	0	2	NA12156	0.6846188954815153	BB	SRR385941	1.0
NA12156:BB:chr1:145533175	888	1860	2	0	2	NA12156	0.6768558951965066	BB	SRR385941	1.0
NA12156:AB:chr22:32587302	1521	640	2	1	1	NA12156	0.2961591855622397	AB	SRR385941	1.0
NA18507:BB:chr10:100011442	2311	274	2	0	2	NA18507	0.10599613152804642	BB	SRR385941	1.0
NA18507:BB:chr5:108233462	3308	238	2	0	2	NA18507	0.06711787930062042	BB	SRR385941	1.0
NA12878:BB:chr12:53708910	3114	120	2	0	2	NA12878	0.03710575139146568	BB	SRR385941	1.0
NA12156:AB:chr3:37053568	1262	629	2	1	1	NA12156	0.33262823902696986	AB	SRR385941	1.0
NA12156:BB:chr19:38160760	1392	2874	2	0	2	NA12156	0.6736990154711674	BB	SRR385941	1.0
NA12156:BB:chr7:50514577	1306	2385	2	0	2	NA12156	0.6461663505824979	BB	SRR385941	1.0
NA19240:BB:chr17:1631568	3259	989	2	0	2	NA19240	0.2328154425612053	BB	SRR385941	1.0
NA12878:BB:chr4:1729988	2279	46	2	0	2	NA12878	0.01978494623655914	BB	SRR385941	1.0
NA18507:BB:chr19:55107775	4253	216	2	0	2	NA18507	0.04833296039382412	BB	SRR385941	1.0
NA18507:BB:chr11:5221424	3471	297	2	0	2	NA18507	0.07882165605095541	BB	SRR385941	1.0
NA18507:AB:chr9:139393679	4655	239	2	1	1	NA18507	0.048835308541070696	AB	SRR385941	1.0
NA12156:BB:chr6:39563863	1108	1983	2	0	2	NA12156	0.6415399547072145	BB	SRR385941	1.0
NA19240:BB:chr19:55494632	2824	447	2	0	2	NA19240	0.13665545704677468	BB	SRR385941	1.0
NA19240:BB:chr2:242192848	2788	710	2	0	2	NA19240	0.2029731275014294	BB	SRR385941	1.0
NA12156:BB:chr12:77419593	1307	2733	2	0	2	NA12156	0.6764851485148515	BB	SRR385941	1.0
NA12878:BB:chr2:26502875	3377	75	2	0	2	NA12878	0.021726535341830826	BB	SRR385941	1.0
NA19240:BB:chr15:50399138	321	91	2	0	2	NA19240	0.220873786407767	BB	SRR385941	1.0
NA12878:BB:chr17:72937795	5281	121	2	0	2	NA12878	0.02239911144020733	BB	SRR385941	1.0
NA18507:BB:chr5:180166877	2137	167	2	0	2	NA18507	0.0724826388888889	BB	SRR385941	1.0
NA18507:BB:chr4:3009479	886	72	2	0	2	NA18507	0.07515657620041752	BB	SRR385941	1.0
NA19240:BB:chr3:38058044	2784	887	2	0	2	NA19240	0.2416235358213021	BB	SRR385941	1.0
NA18507:BB:chr4:72622566	2418	228	2	0	2	NA18507	0.08616780045351474	BB	SRR385941	1.0
NA12878:BB:chr6:76425288	3331	52	2	0	2	NA12878	0.015370972509606859	BB	SRR385941	1.0
NA18507:BB:chr2:26699033	3139	271	2	0	2	NA18507	0.07947214076246334	BB	SRR385941	1.0
NA18507:BB:chr18:8784723	2687	272	2	0	2	NA18507	0.0919229469415343	BB	SRR385941	1.0
NA18507:BB:chr7:76922490	2625	194	2	0	2	NA18507	0.06881873004611565	BB	SRR385941	1.0
NA12156:BB:chr9:100070351	1094	2126	2	0	2	NA12156	0.6602484472049689	BB	SRR385941	1.0
NA12878:BB:chr4:1729953	2253	43	2	0	2	NA12878	0.01872822299651568	BB	SRR385941	1.0
NA19240:BB:chr19:814461	1825	377	2	0	2	NA19240	0.1712079927338783	BB	SRR385941	1.0
NA12878:BB:chr6:17675246	3546	146	2	0	2	NA12878	0.03954496208017335	BB	SRR385941	1.0
NA19240:BB:chr12:12332842	2269	673	2	0	2	NA19240	0.2287559483344664	BB	SRR385941	1.0
NA19240:BB:chr1:152285188	5012	1226	2	0	2	NA19240	0.19653735171529332	BB	SRR385941	1.0
NA18507:BB:chr11:71712531	3412	270	2	0	2	NA18507	0.07332971211298207	BB	SRR385941	1.0
NA18507:BB:chr5:180166866	2141	181	2	0	2	NA18507	0.07795004306632214	BB	SRR385941	1.0
NA12156:BB:chr12:13764774	1484	2895	2	0	2	NA12156	0.6611098424297784	BB	SRR385941	1.0
NA18507:BB:chr11:112104245	2972	264	2	0	2	NA18507	0.0815822002472188	BB	SRR385941	1.0
NA12156:BB:chr16:4849705	1195	2794	2	0	2	NA12156	0.7004261719729256	BB	SRR385941	1.0
NA18507:BB:chr14:50074241	3845	427	2	0	2	NA18507	0.09995318352059923	BB	SRR385941	1.0
NA12878:BB:chr2:26455127	3362	58	2	0	2	NA12878	0.016959064327485382	BB	SRR385941	1.0
NA19240:BB:chr9:2029196	2787	821	2	0	2	NA19240	0.22754988913525495	BB	SRR385941	1.0
NA12878:BB:chr4:95186055	2401	56	2	0	2	NA12878	0.022792022792022797	BB	SRR385941	1.0
NA12878:AB:chr19:11227602	2667	13	2	1	1	NA12878	0.004850746268656715	AB	SRR385941	1.0
NA12878:BB:chr5:31538692	2692	34	2	0	2	NA12878	0.01247248716067498	BB	SRR385941	1.0
NA19240:BB:chr19:10127866	2895	928	2	0	2	NA19240	0.2427413026419043	BB	SRR385941	1.0
NA12878:BB:chr17:29623288	2560	96	2	0	2	NA12878	0.03614457831325301	BB	SRR385941	1.0
NA12156:BB:chr19:43763059	7099	2425	2	0	2	NA12156	0.25461990760184794	BB	SRR385941	1.0
NA12156:BB:chr11:117096652	1037	2002	2	0	2	NA12156	0.6587693320171109	BB	SRR385941	1.0
NA12156:AB:chr2:33487873	2701	1530	2	1	1	NA12156	0.3616166390924132	AB	SRR385941	1.0
NA12156:BB:chr3:56763619	966	1946	2	0	2	NA12156	0.6682692307692307	BB	SRR385941	1.0
NA18507:BB:chr5:140603248	3515	341	2	0	2	NA18507	0.08843360995850623	BB	SRR385941	1.0
NA12878:BB:chr9:2029199	3451	156	2	0	2	NA12878	0.043249237593568066	BB	SRR385941	1.0
NA19240:BB:chr8:7308674	3437	190	2	0	2	NA19240	0.052384891094568516	BB	SRR385941	1.0
NA18507:BB:chr11:71717300	3607	374	2	0	2	NA18507	0.09394624466214517	BB	SRR385941	1.0
NA12878:BB:chr18:44561619	4633	46	2	0	2	NA12878	0.009831160504381278	BB	SRR385941	1.0
NA18507:BB:chr14:21109726	3096	273	2	0	2	NA18507	0.08103294746215495	BB	SRR385941	1.0
NA12878:BB:chr9:86278913	1758	60	2	0	2	NA12878	0.03300330033003299	BB	SRR385941	1.0
NA12156:BB:chr16:58616984	1319	2544	2	0	2	NA12156	0.6585555267926482	BB	SRR385941	1.0
NA19240:AB:chr5:112178995	2975	321	2	1	1	NA19240	0.09739077669902912	AB	SRR385941	1.0
NA18507:BB:chr6:43582091	2588	195	2	0	2	NA18507	0.07006827164929932	BB	SRR385941	1.0
NA19240:BB:chr3:52130666	2810	894	2	0	2	NA19240	0.24136069114470846	BB	SRR385941	1.0
NA12878:BB:chr19:54849463	1944	49	2	0	2	NA12878	0.024586051179126944	BB	SRR385941	1.0
NA12878:BB:chr3:49156473	3448	121	2	0	2	NA12878	0.033903054076772215	BB	SRR385941	1.0
NA12156:BB:chr5:137625228	903	1641	2	0	2	NA12156	0.6450471698113207	BB	SRR385941	1.0
NA19240:BB:chr5:135228165	2591	705	2	0	2	NA19240	0.2138956310679612	BB	SRR385941	1.0
NA18507:BB:chr9:19058425	2838	639	2	0	2	NA18507	0.18377911993097495	BB	SRR385941	1.0
NA18507:BB:chr10:123970513	2781	282	2	0	2	NA18507	0.0920666013712047	BB	SRR385941	1.0
NA19240:BB:chr17:4918122	2444	670	2	0	2	NA19240	0.2151573538856776	BB	SRR385941	1.0
NA12156:BB:chr1:17396592	1285	2557	2	0	2	NA12156	0.6655387818844352	BB	SRR385941	1.0
NA19240:BB:chr1:152285137	5058	1176	2	0	2	NA19240	0.18864292589027912	BB	SRR385941	1.0
NA18507:BB:chr10:123970173	2827	223	2	0	2	NA18507	0.07311475409836066	BB	SRR385941	1.0
NA12878:BB:chr19:21131571	3405	131	2	0	2	NA12878	0.0370475113122172	BB	SRR385941	1.0
NA12156:AB:chr13:32906729	3315	1229	2	1	1	NA12156	0.2704665492957746	AB	SRR385941	1.0
NA12156:AB:chr7:116435768	2535	1311	2	1	1	NA12156	0.3408736349453978	AB	SRR385941	1.0
NA18507:BB:chr3:171969228	1466	195	2	0	2	NA18507	0.11739915713425647	BB	SRR385941	1.0
NA19240:BB:chr9:35661088	2996	677	2	0	2	NA19240	0.18431799618840186	BB	SRR385941	1.0
NA12878:BB:chr17:35346641	4181	131	2	0	2	NA12878	0.03038033395176252	BB	SRR385941	1.0
NA18507:BB:chr5:140605092	250	0	2	0	2	NA18507	0.0	BB	SRR385941	1.0
NA12156:BB:chr14:21109745	1115	2251	2	0	2	NA12156	0.6687462863933452	BB	SRR385941	1.0
NA12878:BB:chr1:248224746	4593	98	2	0	2	NA12878	0.02089106800255809	BB	SRR385941	1.0
NA12156:BB:chr1:70820008	2538	91	2	0	2	NA12156	0.034613921643210345	BB	SRR385939	1.0
NA18507:BB:chr22:32587251	544	1276	2	0	2	NA18507	0.701098901098901	BB	SRR385939	1.0
NA19240:BB:chr5:135228165	2470	20	2	0	2	NA19240	0.008032128514056224	BB	SRR385939	1.0
NA19240:BB:chr1:152283811	3296	44	2	0	2	NA19240	0.013173652694610778	BB	SRR385939	1.0
NA12878:AB:chr7:55268949	1997	367	2	1	1	NA12878	0.15524534686971234	AB	SRR385939	1.0
NA19240:BB:chr3:52130666	2739	8	2	0	2	NA19240	0.002912267928649436	BB	SRR385939	1.0
NA18507:AB:chr13:32912733	1158	665	2	1	1	NA18507	0.36478332419089415	AB	SRR385939	1.0
NA19240:BB:chr17:5264916	3251	11	2	0	2	NA19240	0.003372164316370325	BB	SRR385939	1.0
NA18507:BB:chr11:62009791	580	1434	2	0	2	NA18507	0.7120158887785502	BB	SRR385939	1.0
NA12156:BB:chr11:18291321	2788	92	2	0	2	NA12156	0.031944444444444435	BB	SRR385939	1.0
NA19240:BB:chr19:814461	1505	12	2	0	2	NA19240	0.007910349373764008	BB	SRR385939	1.0
NA18507:BB:chr6:26385263	616	1541	2	0	2	NA18507	0.7144181733889662	BB	SRR385939	1.0
NA12156:BB:chr1:46500613	2555	95	2	0	2	NA12156	0.035849056603773584	BB	SRR385939	1.0
NA18507:BB:chr2:26699033	726	1879	2	0	2	NA18507	0.7213051823416506	BB	SRR385939	1.0
NA12156:AB:chr2:26699003	2606	34	2	1	1	NA12156	0.012878787878787878	AB	SRR385939	1.0
NA12156:BB:chr11:5529152	2156	116	2	0	2	NA12156	0.051056338028169015	BB	SRR385939	1.0
NA12156:BB:chr11:118178007	2049	62	2	0	2	NA12156	0.02936996684036002	BB	SRR385939	1.0
NA19240:BB:chr11:59860922	2737	35	2	0	2	NA19240	0.012626262626262626	BB	SRR385939	1.0
NA18507:BB:chr2:33487845	796	1964	2	0	2	NA18507	0.7115942028985507	BB	SRR385939	1.0
NA18507:BB:chr10:91143374	709	1907	2	0	2	NA18507	0.7289755351681957	BB	SRR385939	1.0
NA12878:BB:chr2:26502875	2093	677	2	0	2	NA12878	0.2444043321299639	BB	SRR385939	1.0
NA19240:BB:chr8:87641271	3002	10	2	0	2	NA19240	0.0033200531208499337	BB	SRR385939	1.0
NA19240:BB:chr3:38058044	2753	10	2	0	2	NA19240	0.0036192544335866814	BB	SRR385939	1.0
NA19240:BB:chr2:202264165	1790	25	2	0	2	NA19240	0.013774104683195593	BB	SRR385939	1.0
NA19240:BB:chr2:165754983	1817	8	2	0	2	NA19240	0.004383561643835615	BB	SRR385939	1.0
NA12156:BB:chr19:43763059	5798	96	2	0	2	NA12156	0.016287750254496098	BB	SRR385939	1.0
NA18507:BB:chr17:1703982	405	1273	2	0	2	NA18507	0.7586412395709178	BB	SRR385939	1.0
NA12878:BB:chr20:62196182	2415	678	2	0	2	NA12878	0.2192046556741028	BB	SRR385939	1.0
NA19240:BB:chr19:10127866	2891	30	2	0	2	NA19240	0.010270455323519345	BB	SRR385939	1.0
NA19240:AB:chr11:18291395	2872	16	2	1	1	NA19240	0.00554016620498615	AB	SRR385939	1.0
NA19240:BB:chr11:6942723	2512	3	2	0	2	NA19240	0.0011928429423459243	BB	SRR385939	1.0
NA19240:BB:chr5:147805120	3416	18	2	0	2	NA19240	0.0052417006406523005	BB	SRR385939	1.0
NA12156:BB:chr2:175263063	2053	92	2	0	2	NA12156	0.042890442890442894	BB	SRR385939	1.0
NA19240:BB:chr11:26700310	3513	18	2	0	2	NA19240	0.005097706032285472	BB	SRR385939	1.0
NA12878:BB:chr11:6898495	2687	843	2	0	2	NA12878	0.2388101983002833	BB	SRR385939	1.0
NA18507:BB:chr1:42865292	511	1287	2	0	2	NA18507	0.7157953281423804	BB	SRR385939	1.0
NA12156:BB:chr19:38160760	3168	107	2	0	2	NA12156	0.032671755725190835	BB	SRR385939	1.0
NA12156:BB:chr3:56763619	1974	50	2	0	2	NA12156	0.024703557312252964	BB	SRR385939	1.0
NA19240:BB:chr6:168352219	2855	31	2	0	2	NA19240	0.010741510741510741	BB	SRR385939	1.0
NA12878:BB:chr2:26455127	1858	538	2	0	2	NA12878	0.22454090150250414	BB	SRR385939	1.0
NA12878:BB:chr5:31538692	1504	375	2	0	2	NA12878	0.19957424161788184	BB	SRR385939	1.0
NA12156:BB:chr8:144620584	2773	81	2	0	2	NA12156	0.028381219341275406	BB	SRR385939	1.0
NA19240:BB:chr12:46321702	2207	12	2	0	2	NA19240	0.005407841369986482	BB	SRR385939	1.0
NA19240:BB:chr19:55494632	2699	5	2	0	2	NA19240	0.0018491124260355026	BB	SRR385939	1.0
NA19240:BB:chr18:50278635	2978	10	2	0	2	NA19240	0.0033467202141900933	BB	SRR385939	1.0
NA12156:BB:chr3:8775589	2221	56	2	0	2	NA12156	0.024593763724198508	BB	SRR385939	1.0
NA19240:BB:chr2:242192848	2527	16	2	0	2	NA19240	0.006291781360597719	BB	SRR385939	1.0
NA19240:AB:chr5:112175909	1867	12	2	1	1	NA19240	0.006386375731772219	AB	SRR385939	1.0
NA12878:BB:chr4:95186055	1248	462	2	0	2	NA12878	0.27017543859649124	BB	SRR385939	1.0
NA12878:BB:chr3:49362369	1627	529	2	0	2	NA12878	0.2453617810760668	BB	SRR385939	1.0
NA18507:BB:chr2:113737630	599	1244	2	0	2	NA18507	0.6749864351600651	BB	SRR385939	1.0
NA12878:BB:chr10:17875816	1178	485	2	0	2	NA12878	0.29164161154539986	BB	SRR385939	1.0
NA12878:BB:chr14:102901201	2533	1037	2	0	2	NA12878	0.2904761904761905	BB	SRR385939	1.0
NA12878:BB:chr4:1729988	1259	504	2	0	2	NA12878	0.2858763471355644	BB	SRR385939	1.0
NA12156:BB:chr12:132631855	2602	64	2	0	2	NA12156	0.02400600150037509	BB	SRR385939	1.0
NA12156:AB:chr22:32587302	1809	22	2	1	1	NA12156	0.012015292190060077	AB	SRR385939	1.0
NA19240:AB:chr3:178927410	1544	14	2	1	1	NA19240	0.008985879332477536	AB	SRR385939	1.0
NA12878:BB:chr1:200376695	1341	390	2	0	2	NA12878	0.22530329289428075	BB	SRR385939	1.0
NA18507:BB:chr5:180166362	662	1688	2	0	2	NA18507	0.7182978723404255	BB	SRR385939	1.0
NA12156:BB:chr7:796430	1811	70	2	0	2	NA12156	0.03721424774056353	BB	SRR385939	1.0
NA12156:BB:chr1:145533175	2112	63	2	0	2	NA12156	0.028965517241379312	BB	SRR385939	1.0
NA12156:AB:chr3:37053568	1392	27	2	1	1	NA12156	0.019027484143763214	AB	SRR385939	1.0
NA18507:BB:chr10:100011442	487	1345	2	0	2	NA18507	0.7341703056768559	BB	SRR385939	1.0
NA19240:AB:chr5:112178995	2769	6	2	1	1	NA19240	0.002162162162162162	AB	SRR385939	1.0
NA12878:BB:chr12:53708910	2115	630	2	0	2	NA12878	0.2295081967213115	BB	SRR385939	1.0
NA18507:BB:chr3:45754685	372	1027	2	0	2	NA18507	0.7340957827019301	BB	SRR385939	1.0
NA12156:BB:chr19:39908574	2501	91	2	0	2	NA12156	0.03510802469135803	BB	SRR385939	1.0
NA12156:BB:chr7:50514577	2605	70	2	0	2	NA12156	0.026168224299065426	BB	SRR385939	1.0
NA19240:BB:chr17:1631568	2894	6	2	0	2	NA19240	0.00206896551724138	BB	SRR385939	1.0
NA18507:BB:chr4:72622566	542	1350	2	0	2	NA18507	0.7135306553911205	BB	SRR385939	1.0
NA12156:AB:chr19:55494651	2658	51	2	1	1	NA12156	0.018826135105204873	AB	SRR385939	1.0
NA12156:BB:chr11:5364450	1743	32	2	0	2	NA12156	0.018028169014084508	BB	SRR385939	1.0
NA18507:AB:chr9:139393679	2069	1249	2	1	1	NA18507	0.3764315852923448	AB	SRR385939	1.0
NA12156:BB:chr6:39563863	2569	64	2	0	2	NA12156	0.024306874287884545	BB	SRR385939	1.0
NA12156:BB:chr2:21263900	2020	84	2	0	2	NA12156	0.039923954372623575	BB	SRR385939	1.0
NA18507:BB:chr22:24622124	947	2574	2	0	2	NA18507	0.7310423175234309	BB	SRR385939	1.0
NA12156:BB:chr12:77419593	3171	146	2	0	2	NA12156	0.04401567681640036	BB	SRR385939	1.0
NA19240:BB:chr2:26502941	2738	28	2	0	2	NA19240	0.010122921185827909	BB	SRR385939	1.0
NA19240:BB:chr15:50399138	238	0	2	0	2	NA19240	0.0	BB	SRR385939	1.0
NA12878:BB:chr17:72937795	2986	945	2	0	2	NA12878	0.2403968455863648	BB	SRR385939	1.0
NA18507:BB:chr5:180166877	853	1934	2	0	2	NA18507	0.6939361320416219	BB	SRR385939	1.0
NA18507:AB:chr4:88732911	1718	782	2	1	1	NA18507	0.3128	AB	SRR385939	1.0
NA12878:BB:chr3:49156473	1899	689	2	0	2	NA12878	0.26622874806800617	BB	SRR385939	1.0
NA12156:BB:chr4:88732918	2499	56	2	0	2	NA12156	0.021917808219178082	BB	SRR385939	1.0
NA12878:BB:chr6:76425288	1677	564	2	0	2	NA12878	0.2516733601070951	BB	SRR385939	1.0
NA12156:AB:chr2:33487873	2711	45	2	1	1	NA12156	0.01632801161103048	AB	SRR385939	1.0
NA18507:BB:chr18:8784723	578	1740	2	0	2	NA18507	0.7506471095772217	BB	SRR385939	1.0
NA18507:BB:chr7:76922490	710	1574	2	0	2	NA18507	0.6891418563922942	BB	SRR385939	1.0
NA12156:BB:chr9:100070351	2239	47	2	0	2	NA12156	0.0205599300087489	BB	SRR385939	1.0
NA18507:BB:chr4:3009479	184	524	2	0	2	NA18507	0.7401129943502824	BB	SRR385939	1.0
NA12156:BB:chr19:9968139	1509	52	2	0	2	NA12156	0.033311979500320305	BB	SRR385939	1.0
NA12878:BB:chr6:17675246	2031	595	2	0	2	NA12878	0.22658035034272656	BB	SRR385939	1.0
NA19240:BB:chr12:12332842	2669	6	2	0	2	NA19240	0.0022429906542056075	BB	SRR385939	1.0
NA19240:BB:chr1:152285188	4282	71	2	0	2	NA19240	0.016310590397427063	BB	SRR385939	1.0
NA18507:BB:chr11:71712531	762	2196	2	0	2	NA18507	0.742393509127789	BB	SRR385939	1.0
NA18507:BB:chr5:180166866	861	1980	2	0	2	NA18507	0.6969376979936642	BB	SRR385939	1.0
NA12156:BB:chr12:13764774	2771	115	2	0	2	NA12156	0.03984753984753985	BB	SRR385939	1.0
NA18507:BB:chr11:112104245	709	1887	2	0	2	NA18507	0.7268875192604006	BB	SRR385939	1.0
NA12156:BB:chr16:4849705	3240	110	2	0	2	NA12156	0.03283582089552239	BB	SRR385939	1.0
NA18507:BB:chr14:50074241	974	2446	2	0	2	NA18507	0.7152046783625731	BB	SRR385939	1.0
NA19240:BB:chr2:26502880	2745	28	2	0	2	NA19240	0.01009736747205193	BB	SRR385939	1.0
NA19240:BB:chr9:2029196	2790	41	2	0	2	NA19240	0.014482515012363122	BB	SRR385939	1.0
NA12878:BB:chr5:102894673	1889	635	2	0	2	NA12878	0.25158478605388274	BB	SRR385939	1.0
NA12878:BB:chr19:21131571	2013	637	2	0	2	NA12878	0.24037735849056605	BB	SRR385939	1.0
NA18507:BB:chr5:108233462	735	2099	2	0	2	NA18507	0.7406492589978828	BB	SRR385939	1.0
NA12878:AB:chr19:11227602	1816	266	2	1	1	NA12878	0.12776176753121998	AB	SRR385939	1.0
NA12878:BB:chr17:29623288	1694	536	2	0	2	NA12878	0.2403587443946188	BB	SRR385939	1.0
NA12878:BB:chr19:54849463	1344	428	2	0	2	NA12878	0.2415349887133183	BB	SRR385939	1.0
NA12156:BB:chr11:117096652	2557	58	2	0	2	NA12156	0.022179732313575527	BB	SRR385939	1.0
NA12878:BB:chr2:120005569	644	255	2	0	2	NA12878	0.2836484983314794	BB	SRR385939	1.0
NA18507:BB:chr3:171969228	493	1484	2	0	2	NA18507	0.7506322711178554	BB	SRR385939	1.0
NA19240:AB:chr5:140605078	143	12	2	1	1	NA19240	0.07741935483870968	AB	SRR385939	1.0
NA12878:BB:chr9:2029199	2165	672	2	0	2	NA12878	0.2368699330278463	BB	SRR385939	1.0
NA19240:BB:chr8:7308674	2121	10	2	0	2	NA19240	0.004692632566870014	BB	SRR385939	1.0
NA18507:BB:chr11:71717300	1102	2418	2	0	2	NA18507	0.6869318181818181	BB	SRR385939	1.0
NA12878:BB:chr18:44561619	2445	971	2	0	2	NA12878	0.2842505854800937	BB	SRR385939	1.0
NA18507:BB:chr14:21109726	727	1842	2	0	2	NA18507	0.7170105099260412	BB	SRR385939	1.0
NA12878:BB:chr9:86278913	1215	426	2	0	2	NA12878	0.2595978062157221	BB	SRR385939	1.0
NA12156:BB:chr16:58616984	2823	143	2	0	2	NA12156	0.04821308159136885	BB	SRR385939	1.0
NA12156:BB:chr5:132198199	1525	59	2	0	2	NA12156	0.03724747474747474	BB	SRR385939	1.0
NA18507:BB:chr6:43582091	585	1821	2	0	2	NA18507	0.7568578553615959	BB	SRR385939	1.0
NA12878:BB:chr3:129155670	1964	555	2	0	2	NA12878	0.2203255260023819	BB	SRR385939	1.0
NA18507:BB:chr19:55107775	1687	2118	2	0	2	NA18507	0.5566360052562418	BB	SRR385939	1.0
NA12878:BB:chr3:49455330	1957	629	2	0	2	NA12878	0.2432327919566899	BB	SRR385939	1.0
NA18507:BB:chr5:140603248	856	2174	2	0	2	NA18507	0.7174917491749175	BB	SRR385939	1.0
NA12156:BB:chr5:137625228	2084	44	2	0	2	NA12156	0.02067669172932331	BB	SRR385939	1.0
NA18507:BB:chr9:19058425	643	1737	2	0	2	NA18507	0.7298319327731092	BB	SRR385939	1.0
NA18507:BB:chr11:5221424	699	1424	2	0	2	NA18507	0.6707489401789921	BB	SRR385939	1.0
NA19240:BB:chr17:4918122	2444	22	2	0	2	NA19240	0.008921330089213302	BB	SRR385939	1.0
NA12156:BB:chr1:17396592	2996	78	2	0	2	NA12156	0.025374105400130124	BB	SRR385939	1.0
NA19240:BB:chr1:152285137	4319	51	2	0	2	NA19240	0.011670480549199084	BB	SRR385939	1.0
NA18507:BB:chr10:123970173	723	1823	2	0	2	NA18507	0.7160251374705421	BB	SRR385939	1.0
NA12878:BB:chr19:35836530	2064	743	2	0	2	NA12878	0.26469540434627714	BB	SRR385939	1.0
NA12156:AB:chr13:32906729	3714	44	2	1	1	NA12156	0.011708355508249068	AB	SRR385939	1.0
NA12156:AB:chr7:116435768	2941	44	2	1	1	NA12156	0.014740368509212731	AB	SRR385939	1.0
NA12878:BB:chr4:1729953	1257	452	2	0	2	NA12878	0.2644821533060269	BB	SRR385939	1.0
NA19240:BB:chr9:35661088	2911	36	2	0	2	NA19240	0.012215812690872073	BB	SRR385939	1.0
NA12878:BB:chr17:35346641	2730	775	2	0	2	NA12878	0.2211126961483595	BB	SRR385939	1.0
NA18507:BB:chr5:140605092	169	18	2	0	2	NA18507	0.0962566844919786	BB	SRR385939	1.0
NA12156:BB:chr14:21109745	2470	100	2	0	2	NA12156	0.03891050583657588	BB	SRR385939	1.0
NA12878:BB:chr1:248224746	2611	831	2	0	2	NA12878	0.2414294015107496	BB	SRR385939	1.0
NA12156:BB:chr2:175263063	3812	14	2	0	2	NA12156	0.0036591740721380033	BB	SRR385938	1.0
NA12156:BB:chr1:46500613	3933	42	2	0	2	NA12156	0.010566037735849056	BB	SRR385938	1.0
NA12156:BB:chr19:43763059	10352	42	2	0	2	NA12156	0.004040792765056763	BB	SRR385938	1.0
NA18507:BB:chr5:180166866	2786	1058	2	0	2	NA18507	0.27523413111342354	BB	SRR385938	1.0
NA12878:BB:chr10:17875816	3134	190	2	0	2	NA12878	0.057160048134777375	BB	SRR385938	1.0
NA12156:BB:chr3:8775589	3533	50	2	0	2	NA12156	0.013954786491766676	BB	SRR385938	1.0
NA18507:BB:chr18:8784723	2846	1065	2	0	2	NA18507	0.27230887241114804	BB	SRR385938	1.0
NA19240:BB:chr3:52130666	1598	2555	2	0	2	NA19240	0.6152179147604142	BB	SRR385938	1.0
NA12156:BB:chr2:21263900	3445	63	2	0	2	NA12156	0.017958950969213232	BB	SRR385938	1.0
NA19240:BB:chr11:26700310	2435	3817	2	0	2	NA19240	0.6105246321177223	BB	SRR385938	1.0
NA12878:BB:chr6:17675246	3601	409	2	0	2	NA12878	0.10199501246882793	BB	SRR385938	1.0
NA12156:BB:chr11:18291321	4108	53	2	0	2	NA12156	0.012737322758952174	BB	SRR385938	1.0
NA19240:BB:chr11:59860922	1326	2497	2	0	2	NA19240	0.6531519748888308	BB	SRR385938	1.0
NA18507:BB:chr2:26699033	3158	1403	2	0	2	NA18507	0.30760798070598555	BB	SRR385938	1.0
NA12878:BB:chr12:53708910	3507	336	2	0	2	NA12878	0.08743169398907104	BB	SRR385938	1.0
NA19240:BB:chr5:135228165	1354	2549	2	0	2	NA19240	0.6530873686907507	BB	SRR385938	1.0
NA19240:BB:chr2:165754983	1179	2031	2	0	2	NA19240	0.6327102803738318	BB	SRR385938	1.0
NA19240:BB:chr19:10127866	1708	2900	2	0	2	NA19240	0.6293402777777778	BB	SRR385938	1.0
NA18507:BB:chr14:50074241	3392	1541	2	0	2	NA18507	0.31238597202513685	BB	SRR385938	1.0
NA19240:BB:chr2:202264165	1323	2263	2	0	2	NA19240	0.6310652537646403	BB	SRR385938	1.0
NA18507:BB:chr2:113737630	2585	1008	2	0	2	NA18507	0.28054550514890064	BB	SRR385938	1.0
NA19240:AB:chr5:112178995	2559	1258	2	1	1	NA19240	0.32957820277704997	AB	SRR385938	1.0
NA12156:BB:chr11:5364450	3048	43	2	0	2	NA12156	0.013911355548366224	BB	SRR385938	1.0
NA12156:AB:chr3:37053568	2265	17	2	1	1	NA12156	0.007449605609114811	AB	SRR385938	1.0
NA18507:BB:chr22:32587251	2230	801	2	0	2	NA18507	0.2642692180798417	BB	SRR385938	1.0
NA12156:BB:chr11:5529152	3133	61	2	0	2	NA12156	0.019098309329993738	BB	SRR385938	1.0
NA12878:BB:chr11:6898495	5194	296	2	0	2	NA12878	0.053916211293260484	BB	SRR385938	1.0
NA12156:AB:chr2:26699003	4569	33	2	1	1	NA12156	0.007170795306388526	AB	SRR385938	1.0
NA18507:BB:chr1:42865292	1969	922	2	0	2	NA18507	0.31892078865444484	BB	SRR385938	1.0
NA12156:BB:chr1:70820008	3866	27	2	0	2	NA12156	0.006935525301823786	BB	SRR385938	1.0
NA19240:AB:chr11:18291395	2865	1323	2	1	1	NA19240	0.3159025787965616	AB	SRR385938	1.0
NA18507:BB:chr17:1703982	1916	793	2	0	2	NA18507	0.2927279438907346	BB	SRR385938	1.0
NA12156:BB:chr12:77419593	4744	26	2	0	2	NA12156	0.005450733752620545	BB	SRR385938	1.0
NA12878:BB:chr4:1729988	2315	180	2	0	2	NA12878	0.07214428857715431	BB	SRR385938	1.0
NA19240:BB:chr2:26502941	1807	2897	2	0	2	NA19240	0.6158588435374149	BB	SRR385938	1.0
NA12156:BB:chr11:117096652	3993	36	2	0	2	NA12156	0.008935219657483246	BB	SRR385938	1.0
NA18507:BB:chr4:72622566	2115	1037	2	0	2	NA18507	0.32899746192893403	BB	SRR385938	1.0
NA12156:BB:chr8:144620584	4714	42	2	0	2	NA12156	0.008830950378469302	BB	SRR385938	1.0
NA18507:AB:chr9:139393679	4297	738	2	1	1	NA18507	0.14657398212512412	AB	SRR385938	1.0
NA19240:BB:chr8:87641271	1576	2720	2	0	2	NA19240	0.633147113594041	BB	SRR385938	1.0
NA18507:BB:chr5:180166362	2720	917	2	0	2	NA18507	0.2521308770965081	BB	SRR385938	1.0
NA12878:BB:chr20:62196182	4309	469	2	0	2	NA12878	0.09815822519882796	BB	SRR385938	1.0
NA12878:BB:chr5:102894673	4103	331	2	0	2	NA12878	0.07465042850699143	BB	SRR385938	1.0
NA12156:BB:chr3:56763619	3779	11	2	0	2	NA12156	0.0029023746701846965	BB	SRR385938	1.0
NA12156:AB:chr2:33487873	4461	18	2	1	1	NA12156	0.004018754186202277	AB	SRR385938	1.0
NA12156:BB:chr19:9968139	2509	25	2	0	2	NA12156	0.009865824782951857	BB	SRR385938	1.0
NA12156:AB:chr13:32906729	5143	8	2	1	1	NA12156	0.0015530964861192	AB	SRR385938	1.0
NA18507:BB:chr22:24622124	3828	1496	2	0	2	NA18507	0.2809917355371901	BB	SRR385938	1.0
NA18507:BB:chr4:3009479	972	457	2	0	2	NA18507	0.3198040587823653	BB	SRR385938	1.0
NA12878:BB:chr6:76425288	3597	227	2	0	2	NA12878	0.059361924686192474	BB	SRR385938	1.0
NA12878:BB:chr3:49362369	3151	285	2	0	2	NA12878	0.0829452852153667	BB	SRR385938	1.0
NA18507:BB:chr5:108233462	2842	1171	2	0	2	NA18507	0.2918016446548717	BB	SRR385938	1.0
NA19240:BB:chr17:4918122	1435	2443	2	0	2	NA19240	0.6299638989169675	BB	SRR385938	1.0
NA12156:BB:chr1:145533175	2975	30	2	0	2	NA12156	0.009983361064891848	BB	SRR385938	1.0
NA12156:AB:chr22:32587302	3062	4	2	1	1	NA12156	0.001304631441617743	AB	SRR385938	1.0
NA18507:BB:chr10:91143374	2927	1173	2	0	2	NA18507	0.2860975609756097	BB	SRR385938	1.0
NA12156:BB:chr6:39563863	4060	13	2	0	2	NA12156	0.0031917505524183647	BB	SRR385938	1.0
NA12156:BB:chr12:13764774	4658	14	2	0	2	NA12156	0.0029965753424657533	BB	SRR385938	1.0
NA12878:BB:chr2:26455127	4005	292	2	0	2	NA12878	0.06795438678147545	BB	SRR385938	1.0
NA12878:BB:chr19:35836530	3598	405	2	0	2	NA12878	0.10117411941044216	BB	SRR385938	1.0
NA12156:BB:chr7:50514577	3860	36	2	0	2	NA12156	0.009240246406570842	BB	SRR385938	1.0
NA18507:BB:chr3:171969228	2045	997	2	0	2	NA18507	0.3277449046679816	BB	SRR385938	1.0
NA19240:BB:chr1:152283811	1924	2971	2	0	2	NA19240	0.6069458631256384	BB	SRR385938	1.0
NA18507:AB:chr4:88732911	3146	444	2	1	1	NA18507	0.12367688022284122	AB	SRR385938	1.0
NA18507:BB:chr11:5221424	2561	972	2	0	2	NA18507	0.2751202943673932	BB	SRR385938	1.0
NA12878:BB:chr1:200376695	2292	193	2	0	2	NA12878	0.07766599597585512	BB	SRR385938	1.0
NA12156:BB:chr19:39908574	3947	57	2	0	2	NA12156	0.014235764235764238	BB	SRR385938	1.0
NA12156:AB:chr19:55494651	4078	6	2	1	1	NA12156	0.0014691478942213516	AB	SRR385938	1.0
NA19240:BB:chr2:242192848	1538	2631	2	0	2	NA19240	0.6310865915087551	BB	SRR385938	1.0
NA19240:BB:chr12:46321702	1575	2285	2	0	2	NA19240	0.5919689119170984	BB	SRR385938	1.0
NA12878:BB:chr9:2029199	4201	318	2	0	2	NA12878	0.07036955078557203	BB	SRR385938	1.0
NA12156:BB:chr14:21109745	3718	82	2	0	2	NA12156	0.02157894736842105	BB	SRR385938	1.0
NA12156:BB:chr7:796430	2839	18	2	0	2	NA12156	0.006300315015750789	BB	SRR385938	1.0
NA18507:BB:chr3:45754685	1803	779	2	0	2	NA18507	0.30170410534469405	BB	SRR385938	1.0
NA12878:BB:chr4:95186055	3039	222	2	0	2	NA12878	0.06807727690892364	BB	SRR385938	1.0
NA19240:BB:chr3:38058044	1692	2682	2	0	2	NA19240	0.6131687242798354	BB	SRR385938	1.0
NA12156:BB:chr4:88732918	3653	28	2	0	2	NA12156	0.007606628633523498	BB	SRR385938	1.0
NA19240:BB:chr6:168352219	1440	3014	2	0	2	NA19240	0.6766951055231253	BB	SRR385938	1.0
NA18507:BB:chr2:33487845	3319	1157	2	0	2	NA18507	0.2584897229669348	BB	SRR385938	1.0
NA18507:BB:chr9:19058425	1352	2349	2	0	2	NA18507	0.6346933261280735	BB	SRR385938	1.0
NA18507:BB:chr7:76922490	2437	904	2	0	2	NA18507	0.27057767135588146	BB	SRR385938	1.0
NA12878:BB:chr9:86278913	2499	257	2	0	2	NA12878	0.0932510885341074	BB	SRR385938	1.0
NA12878:BB:chr2:26502875	4324	381	2	0	2	NA12878	0.08097768331562168	BB	SRR385938	1.0
NA19240:BB:chr18:50278635	1694	2941	2	0	2	NA19240	0.6345199568500539	BB	SRR385938	1.0
NA12878:BB:chr3:49156473	3860	319	2	0	2	NA12878	0.07633405120842307	BB	SRR385938	1.0
NA12156:BB:chr11:118178007	3696	50	2	0	2	NA12156	0.013347570742124934	BB	SRR385938	1.0
NA19240:BB:chr1:152285188	2240	3358	2	0	2	NA19240	0.5998570918185067	BB	SRR385938	1.0
NA18507:BB:chr11:62009791	2257	944	2	0	2	NA18507	0.29490784129959385	BB	SRR385938	1.0
NA19240:BB:chr15:50399138	193	279	2	0	2	NA19240	0.5911016949152542	BB	SRR385938	1.0
NA19240:BB:chr12:12332842	1649	2455	2	0	2	NA19240	0.598196881091618	BB	SRR385938	1.0
NA18507:BB:chr5:180166877	2740	1067	2	0	2	NA18507	0.28027318098240084	BB	SRR385938	1.0
NA12878:BB:chr14:102901201	4508	363	2	0	2	NA12878	0.07452268528022993	BB	SRR385938	1.0
NA12156:BB:chr9:100070351	3994	38	2	0	2	NA12156	0.009424603174603174	BB	SRR385938	1.0
NA19240:BB:chr2:26502880	1788	2911	2	0	2	NA19240	0.6194935092572887	BB	SRR385938	1.0
NA19240:BB:chr9:2029196	1657	2860	2	0	2	NA19240	0.6331636041620544	BB	SRR385938	1.0
NA12878:BB:chr17:29623288	3290	280	2	0	2	NA12878	0.0784313725490196	BB	SRR385938	1.0
NA12878:BB:chr19:21131571	3775	282	2	0	2	NA12878	0.06950948977076657	BB	SRR385938	1.0
NA12878:BB:chr5:31538692	3061	291	2	0	2	NA12878	0.08681384248210024	BB	SRR385938	1.0
NA12878:AB:chr19:11227602	3169	123	2	1	1	NA12878	0.037363304981774	AB	SRR385938	1.0
NA12878:AB:chr7:55268949	4017	163	2	1	1	NA12878	0.038995215311004784	AB	SRR385938	1.0
NA12878:BB:chr19:54849463	2954	281	2	0	2	NA12878	0.08686244204018548	BB	SRR385938	1.0
NA18507:BB:chr11:112104245	2945	1289	2	0	2	NA18507	0.3044402456306093	BB	SRR385938	1.0
NA12878:BB:chr2:120005569	1280	97	2	0	2	NA12878	0.07044299201161948	BB	SRR385938	1.0
NA18507:BB:chr6:26385263	2181	971	2	0	2	NA18507	0.30805837563451777	BB	SRR385938	1.0
NA18507:BB:chr11:71717300	3454	1350	2	0	2	NA18507	0.2810158201498751	BB	SRR385938	1.0
NA19240:AB:chr3:178927410	1945	964	2	1	1	NA19240	0.3313853557923685	AB	SRR385938	1.0
NA19240:BB:chr8:7308674	2966	563	2	0	2	NA19240	0.15953527911589685	BB	SRR385938	1.0
NA18507:BB:chr11:71712531	3285	1436	2	0	2	NA18507	0.3041728447362847	BB	SRR385938	1.0
NA12878:BB:chr18:44561619	5389	487	2	0	2	NA12878	0.08287950987066031	BB	SRR385938	1.0
NA18507:AB:chr13:32912733	2702	403	2	1	1	NA18507	0.12979066022544286	AB	SRR385938	1.0
NA18507:BB:chr5:140605092	322	6	2	0	2	NA18507	0.018292682926829267	BB	SRR385938	1.0
NA12156:BB:chr16:4849705	4273	2	2	0	2	NA12156	0.0004678362573099416	BB	SRR385938	1.0
NA12156:BB:chr5:132198199	2710	40	2	0	2	NA12156	0.014545454545454544	BB	SRR385938	1.0
NA18507:BB:chr6:43582091	2600	1199	2	0	2	NA18507	0.3156093708870755	BB	SRR385938	1.0
NA12878:BB:chr3:129155670	3419	319	2	0	2	NA12878	0.08533975387907973	BB	SRR385938	1.0
NA18507:BB:chr19:55107775	4434	1061	2	0	2	NA18507	0.19308462238398544	BB	SRR385938	1.0
NA12878:BB:chr3:49455330	3467	347	2	0	2	NA12878	0.09098059779758784	BB	SRR385938	1.0
NA18507:BB:chr5:140603248	3589	1335	2	0	2	NA18507	0.2711210398050365	BB	SRR385938	1.0
NA12156:BB:chr5:137625228	3346	36	2	0	2	NA12156	0.010644589000591368	BB	SRR385938	1.0
NA19240:BB:chr9:35661088	1549	2358	2	0	2	NA19240	0.6035321218326082	BB	SRR385938	1.0
NA18507:BB:chr10:123970173	2710	1047	2	0	2	NA18507	0.2786797977109396	BB	SRR385938	1.0
NA19240:BB:chr17:5264916	1814	3076	2	0	2	NA19240	0.6290388548057261	BB	SRR385938	1.0
NA12156:BB:chr1:17396592	4786	46	2	0	2	NA12156	0.009519867549668874	BB	SRR385938	1.0
NA19240:BB:chr1:152285137	2248	3351	2	0	2	NA19240	0.5984997320950171	BB	SRR385938	1.0
NA18507:BB:chr10:100011442	2266	1066	2	0	2	NA18507	0.3199279711884754	BB	SRR385938	1.0
NA12156:BB:chr19:38160760	4634	72	2	0	2	NA12156	0.01529961750956226	BB	SRR385938	1.0
NA12156:BB:chr12:132631855	3805	16	2	0	2	NA12156	0.004187385501177703	BB	SRR385938	1.0
NA12156:AB:chr7:116435768	4827	26	2	1	1	NA12156	0.00535751081805069	AB	SRR385938	1.0
NA12878:BB:chr4:1729953	2284	175	2	0	2	NA12878	0.0711671411142741	BB	SRR385938	1.0
NA12878:BB:chr17:72937795	5965	354	2	0	2	NA12878	0.05602152239278367	BB	SRR385938	1.0
NA12878:BB:chr17:35346641	4224	462	2	0	2	NA12878	0.09859154929577464	BB	SRR385938	1.0
NA19240:BB:chr5:147805120	2065	3609	2	0	2	NA19240	0.636059217483257	BB	SRR385938	1.0
NA18507:BB:chr14:21109726	2650	1142	2	0	2	NA18507	0.30116033755274263	BB	SRR385938	1.0
NA12878:BB:chr1:248224746	4764	478	2	0	2	NA12878	0.09118657001144602	BB	SRR385938	1.0
NA18507:BB:chr10:91143374	3906	21	2	0	2	NA18507	0.0053475935828877	BB	SRR385940	1.0
NA12156:BB:chr2:175263063	2572	486	2	0	2	NA12156	0.15892740353172008	BB	SRR385940	1.0
NA12156:BB:chr1:70820008	3333	372	2	0	2	NA12156	0.10040485829959514	BB	SRR385940	1.0
NA12878:BB:chr3:49455330	666	3040	2	0	2	NA12878	0.8202914193200216	BB	SRR385940	1.0
NA19240:BB:chr6:168352219	3888	196	2	0	2	NA19240	0.04799216454456416	BB	SRR385940	1.0
NA12156:BB:chr8:144620584	3714	577	2	0	2	NA12156	0.1344674900955488	BB	SRR385940	1.0
NA12878:BB:chr6:17675246	692	2791	2	0	2	NA12878	0.8013207005455067	BB	SRR385940	1.0
NA19240:BB:chr11:59860922	3483	175	2	0	2	NA19240	0.047840349917987975	BB	SRR385940	1.0
NA18507:BB:chr17:1703982	2249	31	2	0	2	NA18507	0.013596491228070176	BB	SRR385940	1.0
NA18507:BB:chr22:24622124	4259	56	2	0	2	NA18507	0.012977983777520278	BB	SRR385940	1.0
NA19240:BB:chr11:26700310	5427	312	2	0	2	NA19240	0.054364871928907474	BB	SRR385940	1.0
NA12156:BB:chr1:46500613	3164	444	2	0	2	NA12156	0.123059866962306	BB	SRR385940	1.0
NA12156:BB:chr2:21263900	2575	353	2	0	2	NA12156	0.12056010928961748	BB	SRR385940	1.0
NA12156:BB:chr19:9968139	1924	256	2	0	2	NA12156	0.11743119266055048	BB	SRR385940	1.0
NA12878:AB:chr7:55268949	1966	1378	2	1	1	NA12878	0.41208133971291866	AB	SRR385940	1.0
NA18507:BB:chr2:26699033	3599	34	2	0	2	NA18507	0.009358656757500687	BB	SRR385940	1.0
NA18507:BB:chr14:21109726	3635	64	2	0	2	NA18507	0.01730197350635307	BB	SRR385940	1.0
NA12878:BB:chr20:62196182	941	3928	2	0	2	NA12878	0.8067364962004518	BB	SRR385940	1.0
NA19240:BB:chr17:1631568	4081	145	2	0	2	NA19240	0.03431140558447705	BB	SRR385940	1.0
NA18507:BB:chr4:3009479	1033	12	2	0	2	NA18507	0.011483253588516745	BB	SRR385940	1.0
NA12156:BB:chr11:118178007	2927	424	2	0	2	NA12156	0.12652939421068338	BB	SRR385940	1.0
NA12156:BB:chr16:4849705	3748	575	2	0	2	NA12156	0.13300948415452232	BB	SRR385940	1.0
NA12156:BB:chr11:5529152	2879	426	2	0	2	NA12156	0.12889561270801814	BB	SRR385940	1.0
NA19240:AB:chr5:112175909	2777	55	2	1	1	NA19240	0.019420903954802258	AB	SRR385940	1.0
NA12156:AB:chr3:37053568	1696	138	2	1	1	NA12156	0.0752453653217012	AB	SRR385940	1.0
NA19240:BB:chr2:26502880	4490	179	2	0	2	NA19240	0.03833797387020775	BB	SRR385940	1.0
NA12156:AB:chr19:55494651	3764	258	2	1	1	NA12156	0.06414719045251119	AB	SRR385940	1.0
NA12156:BB:chr5:132198199	1993	244	2	0	2	NA12156	0.10907465355386678	BB	SRR385940	1.0
NA12156:BB:chr11:18291321	3381	528	2	0	2	NA12156	0.1350729086722947	BB	SRR385940	1.0
NA12878:BB:chr11:6898495	986	3873	2	0	2	NA12878	0.7970775879810661	BB	SRR385940	1.0
NA19240:BB:chr5:147805120	5035	234	2	0	2	NA19240	0.04441070411842855	BB	SRR385940	1.0
NA18507:BB:chr9:19058425	3025	155	2	0	2	NA18507	0.048742138364779884	BB	SRR385940	1.0
NA19240:AB:chr11:18291395	3836	82	2	1	1	NA19240	0.020929045431342518	AB	SRR385940	1.0
NA12156:BB:chr11:5364450	1861	283	2	0	2	NA12156	0.13199626865671646	BB	SRR385940	1.0
NA18507:BB:chr1:42865292	2384	41	2	0	2	NA18507	0.016907216494845362	BB	SRR385940	1.0
NA19240:BB:chr8:87641271	3862	126	2	0	2	NA19240	0.03159478435305918	BB	SRR385940	1.0
NA18507:BB:chr11:62009791	2769	36	2	0	2	NA18507	0.012834224598930482	BB	SRR385940	1.0
NA18507:BB:chr5:180166877	2779	33	2	0	2	NA18507	0.011735419630156473	BB	SRR385940	1.0
NA18507:BB:chr5:180166362	3512	57	2	0	2	NA18507	0.015970860184925748	BB	SRR385940	1.0
NA19240:BB:chr19:10127866	4037	167	2	0	2	NA19240	0.03972407231208373	BB	SRR385940	1.0
NA19240:BB:chr18:50278635	4425	163	2	0	2	NA19240	0.03552746294681779	BB	SRR385940	1.0
NA19240:BB:chr12:46321702	3130	134	2	0	2	NA19240	0.04105392156862745	BB	SRR385940	1.0
NA18507:BB:chr19:55098736	6607	16	2	0	2	NA18507	0.0024158236448739248	BB	SRR385940	1.0
NA19240:BB:chr2:202264165	2972	108	2	0	2	NA19240	0.03506493506493506	BB	SRR385940	1.0
NA12878:BB:chr2:120005569	205	1045	2	0	2	NA12878	0.836	BB	SRR385940	1.0
NA12156:AB:chr2:33487873	3899	288	2	1	1	NA12156	0.06878433245760687	AB	SRR385940	1.0
NA18507:BB:chr5:108233462	3868	63	2	0	2	NA18507	0.01602645637242432	BB	SRR385940	1.0
NA12878:BB:chr5:102894673	575	2340	2	0	2	NA12878	0.8027444253859348	BB	SRR385940	1.0
NA19240:BB:chr2:165754983	2751	156	2	0	2	NA19240	0.05366357069143447	BB	SRR385940	1.0
NA19240:BB:chr2:26502941	4476	187	2	0	2	NA19240	0.04010293802273215	BB	SRR385940	1.0
NA12878:BB:chr10:17875816	224	2131	2	0	2	NA12878	0.9048832271762208	BB	SRR385940	1.0
NA19240:AB:chr3:178927410	2090	51	2	1	1	NA19240	0.02382064455861747	AB	SRR385940	1.0
NA12156:BB:chr3:8775589	2760	389	2	0	2	NA12156	0.123531279771356	BB	SRR385940	1.0
NA12156:BB:chr12:132631855	3084	525	2	0	2	NA12156	0.14546965918536992	BB	SRR385940	1.0
NA19240:BB:chr2:242192848	3789	135	2	0	2	NA19240	0.034403669724770644	BB	SRR385940	1.0
NA12878:BB:chr3:129155670	628	3074	2	0	2	NA12878	0.8303619665045922	BB	SRR385940	1.0
NA12878:BB:chr1:200376695	337	1296	2	0	2	NA12878	0.7936313533374157	BB	SRR385940	1.0
NA18507:BB:chr22:32587251	2523	34	2	0	2	NA18507	0.013296832225263979	BB	SRR385940	1.0
NA18507:BB:chr4:72622566	2810	24	2	0	2	NA18507	0.008468595624558928	BB	SRR385940	1.0
NA12156:BB:chr1:145533175	2444	432	2	0	2	NA12156	0.1502086230876217	BB	SRR385940	1.0
NA12156:AB:chr22:32587302	2423	149	2	1	1	NA12156	0.057931570762052874	AB	SRR385940	1.0
NA18507:BB:chr10:100011442	2653	32	2	0	2	NA18507	0.011918063314711359	BB	SRR385940	1.0
NA12156:AB:chr2:26699003	3398	255	2	1	1	NA12156	0.06980563920065701	AB	SRR385940	1.0
NA12878:BB:chr12:53708910	616	3352	2	0	2	NA12878	0.844758064516129	BB	SRR385940	1.0
NA12156:BB:chr19:38160760	3988	674	2	0	2	NA12156	0.14457314457314455	BB	SRR385940	1.0
NA12156:BB:chr19:39908574	3306	471	2	0	2	NA12156	0.12470214455917394	BB	SRR385940	1.0
NA12156:BB:chr7:50514577	3435	446	2	0	2	NA12156	0.11491883535171347	BB	SRR385940	1.0
NA18507:BB:chr6:26385263	2705	22	2	0	2	NA18507	0.00806747341400807	BB	SRR385940	1.0
NA19240:BB:chr1:152283811	4933	257	2	0	2	NA19240	0.049518304431599235	BB	SRR385940	1.0
NA18507:BB:chr19:55107775	4286	30	2	0	2	NA18507	0.0069508804448563475	BB	SRR385940	1.0
NA18507:BB:chr11:5221424	3584	56	2	0	2	NA18507	0.015384615384615384	BB	SRR385940	1.0
NA18507:AB:chr9:139393679	4266	34	2	1	1	NA18507	0.007906976744186046	AB	SRR385940	1.0
NA12156:BB:chr4:88732918	2910	435	2	0	2	NA12156	0.13004484304932734	BB	SRR385940	1.0
NA19240:BB:chr19:55494632	3856	104	2	0	2	NA19240	0.026262626262626262	BB	SRR385940	1.0
NA12878:BB:chr19:21131571	689	3030	2	0	2	NA12878	0.8147351438558752	BB	SRR385940	1.0
NA12156:BB:chr12:77419593	3857	560	2	0	2	NA12156	0.12678288431061807	BB	SRR385940	1.0
NA12878:BB:chr2:26502875	684	3974	2	0	2	NA12878	0.8531558608844998	BB	SRR385940	1.0
NA12878:BB:chr14:102901201	897	4363	2	0	2	NA12878	0.8294676806083651	BB	SRR385940	1.0
NA12878:BB:chr17:72937795	897	5180	2	0	2	NA12878	0.8523942734902091	BB	SRR385940	1.0
NA18507:BB:chr3:45754685	1901	29	2	0	2	NA18507	0.015025906735751297	BB	SRR385940	1.0
NA12878:BB:chr5:31538692	600	2246	2	0	2	NA12878	0.7891777933942375	BB	SRR385940	1.0
NA19240:BB:chr3:38058044	3682	100	2	0	2	NA19240	0.02644103648863036	BB	SRR385940	1.0
NA18507:AB:chr4:88732911	3283	26	2	1	1	NA18507	0.007857358718646117	AB	SRR385940	1.0
NA12878:BB:chr6:76425288	634	2895	2	0	2	NA12878	0.8203457069991499	BB	SRR385940	1.0
NA18507:BB:chr2:33487845	4160	29	2	0	2	NA18507	0.006922893291955121	BB	SRR385940	1.0
NA18507:BB:chr18:8784723	3723	64	2	0	2	NA18507	0.016899920781621336	BB	SRR385940	1.0
NA18507:BB:chr7:76922490	3100	27	2	0	2	NA18507	0.008634473936680525	BB	SRR385940	1.0
NA12156:BB:chr9:100070351	3518	553	2	0	2	NA12156	0.1358388602309015	BB	SRR385940	1.0
NA12878:BB:chr4:1729988	478	2045	2	0	2	NA12878	0.810543004359889	BB	SRR385940	1.0
NA19240:BB:chr19:814461	2413	78	2	0	2	NA19240	0.03131272581292654	BB	SRR385940	1.0
NA18507:BB:chr6:43582091	3618	53	2	0	2	NA18507	0.014437482974666302	BB	SRR385940	1.0
NA19240:BB:chr12:12332842	3491	160	2	0	2	NA19240	0.04382360996987127	BB	SRR385940	1.0
NA19240:BB:chr1:152285188	6096	236	2	0	2	NA19240	0.037271004421983576	BB	SRR385940	1.0
NA18507:BB:chr11:71712531	4061	88	2	0	2	NA18507	0.021209930103639432	BB	SRR385940	1.0
NA18507:BB:chr5:180166866	2802	38	2	0	2	NA18507	0.013380281690140845	BB	SRR385940	1.0
NA12156:BB:chr12:13764774	4092	624	2	0	2	NA12156	0.13231552162849872	BB	SRR385940	1.0
NA18507:BB:chr11:112104245	3577	34	2	0	2	NA18507	0.009415674328440876	BB	SRR385940	1.0
NA19240:BB:chr15:50399138	364	12	2	0	2	NA19240	0.031914893617021274	BB	SRR385940	1.0
NA18507:BB:chr14:50074241	5099	69	2	0	2	NA18507	0.013351393188854487	BB	SRR385940	1.0
NA12878:BB:chr2:26455127	677	2845	2	0	2	NA12878	0.8077796706416809	BB	SRR385940	1.0
NA19240:BB:chr9:2029196	3973	151	2	0	2	NA19240	0.03661493695441319	BB	SRR385940	1.0
NA12156:BB:chr7:796430	2198	260	2	0	2	NA12156	0.10577705451586657	BB	SRR385940	1.0
NA12878:BB:chr4:95186055	447	1990	2	0	2	NA12878	0.8165777595404186	BB	SRR385940	1.0
NA12156:BB:chr6:39563863	3068	509	2	0	2	NA12156	0.14229801509644954	BB	SRR385940	1.0
NA12878:AB:chr19:11227602	1863	1182	2	1	1	NA12878	0.38817733990147785	AB	SRR385940	1.0
NA19240:BB:chr17:5264916	4920	147	2	0	2	NA19240	0.02901124925991711	BB	SRR385940	1.0
NA12156:BB:chr19:43763059	8403	557	2	0	2	NA12156	0.06216517857142857	BB	SRR385940	1.0
NA12156:BB:chr11:117096652	2909	498	2	0	2	NA12156	0.14616965071910773	BB	SRR385940	1.0
NA18507:BB:chr2:113737630	2725	42	2	0	2	NA18507	0.015178894109143476	BB	SRR385940	1.0
NA12156:BB:chr3:56763619	3319	387	2	0	2	NA12156	0.10442525634106854	BB	SRR385940	1.0
NA18507:BB:chr5:140603248	4447	48	2	0	2	NA18507	0.010678531701890991	BB	SRR385940	1.0
NA12878:BB:chr9:2029199	622	3506	2	0	2	NA12878	0.8493217054263565	BB	SRR385940	1.0
NA19240:BB:chr8:7308674	3469	20	2	0	2	NA19240	0.005732301519059902	BB	SRR385940	1.0
NA18507:BB:chr11:71717300	3282	44	2	0	2	NA18507	0.0132291040288635	BB	SRR385940	1.0
NA12878:BB:chr18:44561619	871	3924	2	0	2	NA12878	0.8183524504692388	BB	SRR385940	1.0
NA18507:AB:chr13:32912733	2690	53	2	1	1	NA18507	0.01932191031717098	AB	SRR385940	1.0
NA12878:BB:chr9:86278913	435	1997	2	0	2	NA12878	0.8211348684210527	BB	SRR385940	1.0
NA12156:BB:chr16:58616984	3622	556	2	0	2	NA12156	0.1330780277644806	BB	SRR385940	1.0
NA19240:AB:chr5:112178995	3798	130	2	1	1	NA19240	0.03309572301425662	AB	SRR385940	1.0
NA12878:BB:chr3:49362369	547	2666	2	0	2	NA12878	0.8297541238717709	BB	SRR385940	1.0
NA19240:BB:chr3:52130666	3840	123	2	0	2	NA19240	0.03103709311127933	BB	SRR385940	1.0
NA12878:BB:chr19:54849463	400	2046	2	0	2	NA12878	0.8364677023712184	BB	SRR385940	1.0
NA12878:BB:chr3:49156473	738	3045	2	0	2	NA12878	0.8049167327517843	BB	SRR385940	1.0
NA12156:BB:chr5:137625228	2710	409	2	0	2	NA12156	0.131131773004168	BB	SRR385940	1.0
NA19240:BB:chr5:135228165	3289	171	2	0	2	NA19240	0.04942196531791908	BB	SRR385940	1.0
NA19240:BB:chr9:35661088	4006	101	2	0	2	NA19240	0.024592159727294862	BB	SRR385940	1.0
NA18507:BB:chr10:123970513	3800	46	2	0	2	NA18507	0.011960478419136764	BB	SRR385940	1.0
NA19240:BB:chr17:4918122	3446	191	2	0	2	NA19240	0.05251580973329667	BB	SRR385940	1.0
NA12156:BB:chr1:17396592	3368	559	2	0	2	NA12156	0.14234784823020116	BB	SRR385940	1.0
NA19240:BB:chr1:152285137	6192	212	2	0	2	NA19240	0.03310430980637102	BB	SRR385940	1.0
NA18507:BB:chr10:123970173	3365	51	2	0	2	NA18507	0.014929742388758781	BB	SRR385940	1.0
NA12878:BB:chr19:35836530	618	2732	2	0	2	NA12878	0.8155223880597015	BB	SRR385940	1.0
NA12156:AB:chr13:32906729	4482	361	2	1	1	NA12156	0.07454057402436506	AB	SRR385940	1.0
NA12156:AB:chr7:116435768	4191	338	2	1	1	NA12156	0.07463016118348421	AB	SRR385940	1.0
NA18507:BB:chr3:171969228	2262	26	2	0	2	NA18507	0.011363636363636364	BB	SRR385940	1.0
NA12878:BB:chr17:35346641	783	3745	2	0	2	NA12878	0.8270759717314488	BB	SRR385940	1.0
NA12878:BB:chr17:29623288	476	2265	2	0	2	NA12878	0.826340751550529	BB	SRR385940	1.0
NA18507:BB:chr5:140605092	298	0	2	0	2	NA18507	0.0	BB	SRR385940	1.0
NA12156:BB:chr14:21109745	3248	455	2	0	2	NA12156	0.12287334593572778	BB	SRR385940	1.0
NA12878:BB:chr1:248224746	884	3851	2	0	2	NA12878	0.8133051742344245	BB	SRR385940	1.0
