mutation_id	ref_counts	var_counts	normal_cn	minor_cn	major_cn	variant_case	variant_freq	genotype
NA12156:BB:chr1:70820008	1083	1996	2	0	2	NA12156	0.6482624228645664	BB
NA12878:BB:chr20:62196182	3943	149	2	0	2	NA12878	0.036412512218963834	BB
NA12156:BB:chr5:132198199	576	1147	2	0	2	NA12156	0.665699361578642	BB
NA19240:BB:chr1:152283811	3981	1204	2	0	2	NA19240	0.23220829315332692	BB
NA12878:AB:chr7:55268949	3069	62	2	1	1	NA12878	0.019801980198019802	AB
NA12878:BB:chr3:49362369	2594	52	2	0	2	NA12878	0.019652305366591082	BB
NA18507:AB:chr13:32912733	2442	91	2	1	1	NA18507	0.0359257797078563	AB
NA19240:BB:chr17:5264916	3538	881	2	0	2	NA19240	0.19936637248246208	BB
NA18507:BB:chr11:62009791	2651	167	2	0	2	NA18507	0.05926188786373315	BB
NA12156:BB:chr11:18291321	1323	2703	2	0	2	NA12156	0.6713859910581222	BB
NA12156:BB:chr19:731176	1209	3061	2	0	2	NA12156	0.7168618266978922	BB
NA18507:BB:chr6:26385263	2262	221	2	0	2	NA18507	0.08900523560209424	BB
NA12156:BB:chr1:46500613	1038	2145	2	0	2	NA12156	0.6738925541941565	BB
NA19240:BB:chr2:26502941	2572	885	2	0	2	NA19240	0.25600231414521263	BB
NA19240:BB:chr2:26502880	2579	876	2	0	2	NA19240	0.25354558610709116	BB
NA12156:BB:chr11:5364450	653	1685	2	0	2	NA12156	0.7207014542343884	BB
NA12156:BB:chr11:118178007	897	2081	2	0	2	NA12156	0.6987911349899262	BB
NA19240:BB:chr11:59860922	2676	678	2	0	2	NA19240	0.20214669051878353	BB
NA12156:AB:chr2:26699003	2301	1120	2	1	1	NA12156	0.3273896521484946	AB
NA18507:BB:chr10:91143374	4267	428	2	0	2	NA18507	0.091160809371672	BB
NA12156:BB:chr2:21263900	951	1742	2	0	2	NA12156	0.6468622354251764	BB
NA19240:BB:chr8:87641271	2878	754	2	0	2	NA19240	0.20759911894273128	BB
NA12156:BB:chr3:8775589	785	2007	2	0	2	NA12156	0.7188395415472779	BB
NA19240:BB:chr2:165754983	2154	677	2	0	2	NA19240	0.23913811374072766	BB
NA18507:BB:chr2:113737630	2652	143	2	0	2	NA18507	0.05116279069767442	BB
NA12156:BB:chr19:39908574	1255	2168	2	0	2	NA12156	0.6333625474729769	BB
NA18507:BB:chr17:1703982	1915	181	2	0	2	NA18507	0.08635496183206107	BB
NA19240:BB:chr2:202264165	1963	566	2	0	2	NA19240	0.22380387504942664	BB
NA12156:BB:chr19:9968139	650	1202	2	0	2	NA12156	0.6490280777537797	BB
NA19240:AB:chr11:18291395	3583	456	2	1	1	NA19240	0.11289923248328794	AB
NA12878:BB:chr11:6898495	4459	125	2	0	2	NA12878	0.027268760907504363	BB
NA19240:BB:chr5:147805120	3767	1302	2	0	2	NA19240	0.2568553955415269	BB
NA12878:BB:chr2:120005569	1170	22	2	0	2	NA12878	0.018456375838926176	BB
NA19240:BB:chr11:26700310	4153	1068	2	0	2	NA19240	0.2045585136946945	BB
NA12156:BB:chr11:5529152	969	2001	2	0	2	NA12156	0.6737373737373737	BB
NA18507:BB:chr1:42865292	1939	200	2	0	2	NA18507	0.09350163627863488	BB
NA12878:BB:chr19:35836530	3048	64	2	0	2	NA12878	0.02056555269922879	BB
NA12878:BB:chr3:49455330	3114	49	2	0	2	NA12878	0.015491621877963959	BB
NA19240:BB:chr6:168352219	3145	716	2	0	2	NA19240	0.18544418544418545	BB
NA12156:AB:chr19:55494651	2448	1142	2	1	1	NA12156	0.3181058495821727	AB
NA12156:BB:chr4:88732918	955	2298	2	0	2	NA12156	0.7064248386105134	BB
NA12156:BB:chr8:144620584	1143	2370	2	0	2	NA12156	0.6746370623398804	BB
NA19240:BB:chr12:46321702	2413	741	2	0	2	NA19240	0.23493975903614459	BB
NA18507:BB:chr19:55098736	5400	140	2	0	2	NA18507	0.02527075812274368	BB
NA19240:BB:chr18:50278635	3263	772	2	0	2	NA19240	0.19132589838909542	BB
NA18507:BB:chr22:32587251	1973	178	2	0	2	NA18507	0.08275220827522083	BB
NA12156:BB:chr2:175263063	859	1695	2	0	2	NA12156	0.663664839467502	BB
NA12878:BB:chr5:102894673	2517	45	2	0	2	NA12878	0.01756440281030445	BB
NA18507:AB:chr4:88732911	3062	140	2	1	1	NA18507	0.04372267332916927	AB
NA18507:BB:chr3:45754685	1745	118	2	0	2	NA18507	0.06333870101986044	BB
NA18507:BB:chr2:33487845	3994	240	2	0	2	NA18507	0.05668398677373642	BB
NA12878:BB:chr10:17875816	1750	829	2	0	2	NA12878	0.32144241954245834	BB
NA12878:BB:chr14:102901201	4856	78	2	0	2	NA12878	0.01580867450344548	BB
NA19240:AB:chr3:178927410	1711	173	2	1	1	NA19240	0.09182590233545647	AB
NA12156:BB:chr12:132631855	1005	2005	2	0	2	NA12156	0.6661129568106312	BB
NA18507:BB:chr22:24622124	3872	371	2	0	2	NA18507	0.08743813339618195	BB
NA12878:BB:chr3:129155670	2803	34	2	0	2	NA12878	0.011984490659146986	BB
NA12878:BB:chr1:200376695	1783	52	2	0	2	NA12878	0.028337874659400544	BB
NA18507:BB:chr5:180166362	2520	267	2	0	2	NA18507	0.09580193756727665	BB
NA12156:BB:chr7:796430	691	1500	2	0	2	NA12156	0.6846188954815153	BB
NA12156:BB:chr1:145533175	888	1860	2	0	2	NA12156	0.6768558951965066	BB
NA12156:AB:chr22:32587302	1521	640	2	1	1	NA12156	0.2961591855622397	AB
NA18507:BB:chr10:100011442	2311	274	2	0	2	NA18507	0.10599613152804642	BB
NA18507:BB:chr5:108233462	3308	238	2	0	2	NA18507	0.06711787930062042	BB
NA12878:BB:chr12:53708910	3114	120	2	0	2	NA12878	0.03710575139146568	BB
NA12156:AB:chr3:37053568	1262	629	2	1	1	NA12156	0.33262823902696986	AB
NA12156:BB:chr19:38160760	1392	2874	2	0	2	NA12156	0.6736990154711674	BB
NA12156:BB:chr7:50514577	1306	2385	2	0	2	NA12156	0.6461663505824979	BB
NA19240:BB:chr17:1631568	3259	989	2	0	2	NA19240	0.23281544256120526	BB
NA12878:BB:chr4:1729988	2279	46	2	0	2	NA12878	0.01978494623655914	BB
NA18507:BB:chr19:55107775	4253	216	2	0	2	NA18507	0.04833296039382412	BB
NA18507:BB:chr11:5221424	3471	297	2	0	2	NA18507	0.07882165605095541	BB
NA18507:AB:chr9:139393679	4655	239	2	1	1	NA18507	0.048835308541070696	AB
NA12156:BB:chr6:39563863	1108	1983	2	0	2	NA12156	0.6415399547072145	BB
NA19240:BB:chr19:55494632	2824	447	2	0	2	NA19240	0.13665545704677468	BB
NA19240:BB:chr2:242192848	2788	710	2	0	2	NA19240	0.2029731275014294	BB
NA12156:BB:chr12:77419593	1307	2733	2	0	2	NA12156	0.6764851485148515	BB
NA12878:BB:chr2:26502875	3377	75	2	0	2	NA12878	0.021726535341830822	BB
NA19240:BB:chr15:50399138	321	91	2	0	2	NA19240	0.220873786407767	BB
NA12878:BB:chr17:72937795	5281	121	2	0	2	NA12878	0.02239911144020733	BB
NA18507:BB:chr5:180166877	2137	167	2	0	2	NA18507	0.0724826388888889	BB
NA18507:BB:chr4:3009479	886	72	2	0	2	NA18507	0.07515657620041753	BB
NA19240:BB:chr3:38058044	2784	887	2	0	2	NA19240	0.2416235358213021	BB
NA18507:BB:chr4:72622566	2418	228	2	0	2	NA18507	0.08616780045351474	BB
NA12878:BB:chr6:76425288	3331	52	2	0	2	NA12878	0.015370972509606859	BB
NA18507:BB:chr2:26699033	3139	271	2	0	2	NA18507	0.07947214076246334	BB
NA18507:BB:chr18:8784723	2687	272	2	0	2	NA18507	0.0919229469415343	BB
NA18507:BB:chr7:76922490	2625	194	2	0	2	NA18507	0.06881873004611565	BB
NA12156:BB:chr9:100070351	1094	2126	2	0	2	NA12156	0.6602484472049689	BB
NA12878:BB:chr4:1729953	2253	43	2	0	2	NA12878	0.018728222996515678	BB
NA19240:BB:chr19:814461	1825	377	2	0	2	NA19240	0.1712079927338783	BB
NA12878:BB:chr6:17675246	3546	146	2	0	2	NA12878	0.03954496208017335	BB
NA19240:BB:chr12:12332842	2269	673	2	0	2	NA19240	0.22875594833446636	BB
NA19240:BB:chr1:152285188	5012	1226	2	0	2	NA19240	0.19653735171529335	BB
NA18507:BB:chr11:71712531	3412	270	2	0	2	NA18507	0.07332971211298207	BB
NA18507:BB:chr5:180166866	2141	181	2	0	2	NA18507	0.07795004306632214	BB
NA12156:BB:chr12:13764774	1484	2895	2	0	2	NA12156	0.6611098424297784	BB
NA18507:BB:chr11:112104245	2972	264	2	0	2	NA18507	0.0815822002472188	BB
NA12156:BB:chr16:4849705	1195	2794	2	0	2	NA12156	0.7004261719729256	BB
NA18507:BB:chr14:50074241	3845	427	2	0	2	NA18507	0.09995318352059925	BB
NA12878:BB:chr2:26455127	3362	58	2	0	2	NA12878	0.01695906432748538	BB
NA19240:BB:chr9:2029196	2787	821	2	0	2	NA19240	0.22754988913525498	BB
NA12878:BB:chr4:95186055	2401	56	2	0	2	NA12878	0.022792022792022793	BB
NA12878:AB:chr19:11227602	2667	13	2	1	1	NA12878	0.004850746268656716	AB
NA12878:BB:chr5:31538692	2692	34	2	0	2	NA12878	0.012472487160674981	BB
NA19240:BB:chr19:10127866	2895	928	2	0	2	NA19240	0.24274130264190427	BB
NA12878:BB:chr17:29623288	2560	96	2	0	2	NA12878	0.03614457831325301	BB
NA12156:BB:chr19:43763059	7099	2425	2	0	2	NA12156	0.25461990760184794	BB
NA12156:BB:chr11:117096652	1037	2002	2	0	2	NA12156	0.6587693320171109	BB
NA12156:AB:chr2:33487873	2701	1530	2	1	1	NA12156	0.36161663909241315	AB
NA12156:BB:chr3:56763619	966	1946	2	0	2	NA12156	0.6682692307692307	BB
NA18507:BB:chr5:140603248	3515	341	2	0	2	NA18507	0.08843360995850623	BB
NA12878:BB:chr9:2029199	3451	156	2	0	2	NA12878	0.04324923759356806	BB
NA19240:BB:chr8:7308674	3437	190	2	0	2	NA19240	0.052384891094568516	BB
NA18507:BB:chr11:71717300	3607	374	2	0	2	NA18507	0.09394624466214518	BB
NA12878:BB:chr18:44561619	4633	46	2	0	2	NA12878	0.009831160504381278	BB
NA18507:BB:chr14:21109726	3096	273	2	0	2	NA18507	0.08103294746215495	BB
NA12878:BB:chr9:86278913	1758	60	2	0	2	NA12878	0.033003300330033	BB
NA12156:BB:chr16:58616984	1319	2544	2	0	2	NA12156	0.6585555267926482	BB
NA19240:AB:chr5:112178995	2975	321	2	1	1	NA19240	0.09739077669902912	AB
NA18507:BB:chr6:43582091	2588	195	2	0	2	NA18507	0.07006827164929932	BB
NA19240:BB:chr3:52130666	2810	894	2	0	2	NA19240	0.24136069114470843	BB
NA12878:BB:chr19:54849463	1944	49	2	0	2	NA12878	0.024586051179126944	BB
NA12878:BB:chr3:49156473	3448	121	2	0	2	NA12878	0.03390305407677221	BB
NA12156:BB:chr5:137625228	903	1641	2	0	2	NA12156	0.6450471698113207	BB
NA19240:BB:chr5:135228165	2591	705	2	0	2	NA19240	0.21389563106796117	BB
NA18507:BB:chr9:19058425	2838	639	2	0	2	NA18507	0.18377911993097498	BB
NA18507:BB:chr10:123970513	2781	282	2	0	2	NA18507	0.0920666013712047	BB
NA19240:BB:chr17:4918122	2444	670	2	0	2	NA19240	0.21515735388567758	BB
NA12156:BB:chr1:17396592	1285	2557	2	0	2	NA12156	0.6655387818844352	BB
NA19240:BB:chr1:152285137	5058	1176	2	0	2	NA19240	0.18864292589027912	BB
NA18507:BB:chr10:123970173	2827	223	2	0	2	NA18507	0.07311475409836066	BB
NA12878:BB:chr19:21131571	3405	131	2	0	2	NA12878	0.037047511312217195	BB
NA12156:AB:chr13:32906729	3315	1229	2	1	1	NA12156	0.2704665492957746	AB
NA12156:AB:chr7:116435768	2535	1311	2	1	1	NA12156	0.3408736349453978	AB
NA18507:BB:chr3:171969228	1466	195	2	0	2	NA18507	0.11739915713425647	BB
NA19240:BB:chr9:35661088	2996	677	2	0	2	NA19240	0.18431799618840186	BB
NA12878:BB:chr17:35346641	4181	131	2	0	2	NA12878	0.030380333951762522	BB
NA18507:BB:chr5:140605092	250	0	2	0	2	NA18507	0.0	BB
NA12156:BB:chr14:21109745	1115	2251	2	0	2	NA12156	0.6687462863933452	BB
NA12878:BB:chr1:248224746	4593	98	2	0	2	NA12878	0.02089106800255809	BB
